604347986;-3681;-892;-7355
604348563;-3681;-892;-7355
604349197;-3647;-893;-7373
604349770;-3616;-886;-7384
604350344;-3616;-886;-7384
604350918;-3609;-877;-7372
604351491;-3609;-877;-7372
604352065;-3620;-876;-7344
604352639;-3661;-872;-7308
604353213;-3661;-872;-7308
604353786;-3693;-858;-7273
604354360;-3693;-858;-7273
604354934;-3701;-838;-7249
604355507;-3701;-838;-7249
604356081;-3679;-819;-7224
604356655;-3666;-793;-7195
604357229;-3666;-793;-7195
604357802;-3655;-775;-7176
604358376;-3655;-775;-7176
604358950;-3663;-786;-7156
604359524;-3663;-786;-7156
604360097;-3701;-804;-7142
604360671;-3700;-805;-7141
604361245;-3700;-805;-7141
604361818;-3718;-802;-7148
604362392;-3718;-802;-7148
604362966;-3704;-805;-7178
604363540;-3704;-805;-7178
604364113;-3661;-802;-7217
604364687;-3638;-809;-7251
604365261;-3638;-809;-7251
604365835;-3631;-837;-7284
604366408;-3631;-837;-7284
604366982;-3661;-867;-7310
604367556;-3661;-867;-7310
604368129;-3674;-885;-7337
604368703;-3681;-889;-7359
604369277;-3681;-889;-7359
604369851;-3654;-891;-7378
604370424;-3654;-891;-7378
604370998;-3614;-888;-7390
604371572;-3614;-888;-7390
604372146;-3603;-878;-7381
604372719;-3605;-877;-7354
604373293;-3605;-877;-7354
604373870;-3644;-875;-7319
604374458;-3644;-875;-7319
604375031;-3675;-862;-7282
604375605;-3675;-862;-7282
604376179;-3696;-843;-7246
604376752;-3684;-825;-7228
604377326;-3684;-825;-7228
604377900;-3655;-798;-7221
604378474;-3655;-798;-7221
604379047;-3646;-775;-7200
604379621;-3646;-775;-7200
604380195;-3653;-788;-7173
604380769;-3696;-808;-7153
604381342;-3696;-808;-7153
604381916;-3706;-809;-7150
604382490;-3706;-809;-7150
604383063;-3710;-804;-7156
604383637;-3707;-807;-7176
604384211;-3707;-807;-7176
604384785;-3672;-805;-7209
604385358;-3672;-805;-7209
604385932;-3642;-806;-7246
604386506;-3642;-806;-7246
604387080;-3629;-827;-7282
604387653;-3655;-859;-7308
604388227;-3655;-859;-7308
604388801;-3668;-880;-7332
604389374;-3668;-880;-7332
604389948;-3680;-888;-7354
604390522;-3680;-888;-7354
604391096;-3669;-893;-7371
604391669;-3626;-892;-7387
604392243;-3626;-892;-7387
604392817;-3610;-881;-7385
604393391;-3610;-881;-7385
604393964;-3607;-879;-7364
604394538;-3607;-879;-7364
604395112;-3639;-879;-7331
604395685;-3674;-869;-7298
604396259;-3674;-869;-7298
604396833;-3701;-852;-7274
604397407;-3701;-852;-7274
604397980;-3686;-834;-7250
604398557;-3686;-834;-7250
604399145;-3670;-813;-7215
604399719;-3671;-786;-7191
604400292;-3671;-786;-7191
604400866;-3650;-781;-7181
604401440;-3650;-781;-7181
604402014;-3685;-801;-7166
604402587;-3685;-801;-7166
604403161;-3700;-811;-7160
604403735;-3722;-812;-7156
604404308;-3722;-812;-7156
604404882;-3732;-814;-7170
604405456;-3732;-814;-7170
604406030;-3680;-812;-7207
604406603;-3680;-812;-7207
604407177;-3651;-809;-7240
604407751;-3630;-827;-7275
604408324;-3630;-827;-7275
604408898;-3645;-858;-7305
604409472;-3645;-858;-7305
604410046;-3668;-881;-7328
604410619;-3668;-881;-7328
604411193;-3683;-893;-7346
604411767;-3680;-895;-7362
604412341;-3680;-895;-7362
604412914;-3637;-894;-7383
604413488;-3637;-894;-7383
604414062;-3614;-884;-7388
604414635;-3610;-876;-7371
604415209;-3610;-876;-7371
604415783;-3632;-878;-7339
604416357;-3632;-878;-7339
604416930;-3670;-871;-7302
604417504;-3670;-871;-7302
604418078;-3702;-852;-7269
604418652;-3706;-834;-7241
604419225;-3706;-834;-7241
604419799;-3670;-810;-7221
604420373;-3670;-810;-7221
604420946;-3650;-780;-7199
604421520;-3650;-780;-7199
604422094;-3644;-774;-7173
604422668;-3674;-798;-7155
604423241;-3674;-798;-7155
604423819;-3706;-812;-7147
604424405;-3706;-812;-7147
604424979;-3709;-810;-7144
604425552;-3709;-810;-7144
604426126;-3719;-810;-7154
604426700;-3690;-808;-7183
604427273;-3690;-808;-7183
604427847;-3653;-804;-7218
604428421;-3653;-804;-7218
604428995;-3631;-817;-7254
604429568;-3631;-817;-7254
604430142;-3637;-847;-7283
604430716;-3665;-873;-7308
604431293;-3665;-873;-7308
604431947;-3679;-888;-7330
604432538;-3679;-888;-7330
604433162;-3682;-892;-7347
604433735;-3643;-894;-7368
604434309;-3643;-894;-7368
604434883;-3612;-886;-7379
604435456;-3612;-886;-7379
604436030;-3606;-878;-7366
604436604;-3606;-878;-7366
604437178;-3618;-881;-7338
604437751;-3660;-878;-7304
604438325;-3660;-878;-7304
604438899;-3691;-863;-7272
604439473;-3691;-863;-7272
604440046;-3699;-841;-7247
604440624;-3699;-841;-7247
604441232;-3673;-820;-7220
604441806;-3653;-793;-7196
604442379;-3653;-793;-7196
604442953;-3645;-776;-7176
604443527;-3645;-776;-7176
604444101;-3664;-793;-7154
604444674;-3705;-812;-7141
604445248;-3705;-812;-7141
604445822;-3703;-811;-7144
604446396;-3703;-811;-7144
604446969;-3719;-810;-7149
604447543;-3719;-810;-7149
604448117;-3706;-813;-7176
604448694;-3662;-809;-7214
604449312;-3662;-809;-7214
604449886;-3641;-815;-7247
604450459;-3641;-815;-7247
604451033;-3633;-841;-7278
604451607;-3633;-841;-7278
604452181;-3662;-868;-7300
604452754;-3674;-885;-7324
604453328;-3674;-885;-7324
604453902;-3681;-891;-7345
604454475;-3681;-891;-7345
604455049;-3656;-896;-7363
604455623;-3656;-896;-7363
604456197;-3619;-893;-7376
604456770;-3611;-884;-7370
604457344;-3611;-884;-7370
604457918;-3616;-884;-7348
604458491;-3616;-884;-7348
604459065;-3654;-885;-7313
604459639;-3686;-871;-7277
604460213;-3686;-871;-7277
604460786;-3704;-848;-7243
604461360;-3704;-848;-7243
604461934;-3687;-829;-7218
604462508;-3687;-829;-7218
604463081;-3660;-804;-7201
604463655;-3652;-781;-7183
604464229;-3652;-781;-7183
604464802;-3659;-788;-7161
604465376;-3659;-788;-7161
604465950;-3701;-810;-7145
604466524;-3701;-810;-7145
604467097;-3710;-815;-7146
604467671;-3721;-812;-7153
604468245;-3721;-812;-7153
604468819;-3715;-816;-7173
604469392;-3715;-816;-7173
604469966;-3671;-815;-7208
604470540;-3671;-815;-7208
604471113;-3643;-816;-7243
604471687;-3633;-837;-7275
604472261;-3633;-837;-7275
604472835;-3659;-868;-7299
604473408;-3659;-868;-7299
604473986;-3671;-886;-7322
604474573;-3671;-886;-7322
604475147;-3681;-893;-7345
604475720;-3668;-896;-7364
604476294;-3668;-896;-7364
604476868;-3626;-895;-7377
604477442;-3626;-895;-7377
604478015;-3612;-885;-7373
604478589;-3612;-885;-7373
604479163;-3610;-882;-7353
604479736;-3641;-884;-7321
604480310;-3641;-884;-7321
604480884;-3674;-873;-7284
604481458;-3674;-873;-7284
604482031;-3703;-852;-7252
604482605;-3703;-852;-7252
604483179;-3699;-833;-7231
604483753;-3661;-806;-7217
604484326;-3661;-806;-7217
604484900;-3646;-776;-7196
604485474;-3646;-776;-7196
604486047;-3649;-780;-7170
604486621;-3649;-780;-7170
604487195;-3688;-803;-7154
604487769;-3705;-811;-7151
604488342;-3705;-811;-7151
604488916;-3717;-811;-7150
604489490;-3717;-811;-7150
604490064;-3724;-811;-7164
604490637;-3679;-808;-7199
604491211;-3679;-808;-7199
604491785;-3648;-806;-7232
604492358;-3648;-806;-7232
604492932;-3629;-824;-7267
604493506;-3629;-824;-7267
604494080;-3644;-855;-7297
604494653;-3665;-878;-7321
604495227;-3665;-878;-7321
604495801;-3678;-890;-7340
604496375;-3678;-890;-7340
604496948;-3675;-894;-7358
604497522;-3675;-894;-7358
604498096;-3631;-894;-7379
604498673;-3608;-885;-7383
604499260;-3608;-885;-7383
604499834;-3603;-879;-7367
604500408;-3603;-879;-7367
604500981;-3625;-885;-7336
604501555;-3625;-885;-7336
604502129;-3664;-879;-7300
604502703;-3699;-859;-7270
604503276;-3699;-859;-7270
604503850;-3702;-837;-7250
604504424;-3702;-837;-7250
604504998;-3668;-814;-7224
604505571;-3668;-814;-7224
604506145;-3652;-786;-7195
604506719;-3645;-777;-7175
604507292;-3645;-777;-7175
604507866;-3674;-796;-7159
604508440;-3674;-796;-7159
604509014;-3705;-811;-7154
604509587;-3705;-811;-7154
604510161;-3710;-812;-7157
604510735;-3724;-812;-7167
604511308;-3724;-812;-7167
604511882;-3692;-811;-7198
604512456;-3692;-811;-7198
604513030;-3654;-808;-7235
604513603;-3654;-808;-7235
604514177;-3633;-821;-7270
604514751;-3636;-850;-7300
604515325;-3636;-850;-7300
604515898;-3663;-875;-7322
604516472;-3663;-875;-7322
604517046;-3678;-888;-7343
604517619;-3678;-888;-7343
604518193;-3681;-892;-7359
604518767;-3646;-895;-7379
604519341;-3646;-895;-7379
604519914;-3616;-890;-7390
604520488;-3616;-890;-7390
604521062;-3609;-882;-7380
604521636;-3609;-882;-7380
604522209;-3620;-885;-7355
604522783;-3660;-883;-7320
604523357;-3660;-883;-7320
604523934;-3692;-867;-7285
604524520;-3692;-867;-7285
604525094;-3703;-845;-7249
604525668;-3675;-825;-7224
604526241;-3675;-825;-7224
604526815;-3649;-795;-7206
604527389;-3649;-795;-7206
604527963;-3644;-778;-7183
604528536;-3644;-778;-7183
604529110;-3665;-797;-7161
604529684;-3705;-817;-7148
604530258;-3705;-817;-7148
604530831;-3705;-817;-7150
604531405;-3705;-817;-7150
604531979;-3718;-815;-7159
604532552;-3718;-815;-7159
604533182;-3706;-819;-7187
604533773;-3664;-813;-7224
604534397;-3664;-813;-7224
604534971;-3641;-819;-7258
604535544;-3641;-819;-7258
604536118;-3635;-845;-7288
604536692;-3665;-872;-7309
604537265;-3665;-872;-7309
604537839;-3677;-889;-7333
604538413;-3677;-889;-7333
604538987;-3681;-892;-7353
604539560;-3681;-892;-7353
604540134;-3655;-896;-7372
604540711;-3617;-894;-7386
604541320;-3617;-894;-7386
604541893;-3607;-884;-7379
604542467;-3607;-884;-7379
604543041;-3611;-884;-7354
604543615;-3611;-884;-7354
604544188;-3650;-885;-7318
604544762;-3683;-870;-7281
604545336;-3683;-870;-7281
604545910;-3702;-846;-7247
604546483;-3702;-846;-7247
604547057;-3684;-826;-7221
604547631;-3684;-826;-7221
604548204;-3655;-799;-7204
604548782;-3648;-777;-7185
604549436;-3648;-777;-7185
604550010;-3657;-786;-7163
604550584;-3657;-786;-7163
604551158;-3701;-807;-7147
604551731;-3710;-812;-7150
604552305;-3710;-812;-7150
604552879;-3718;-810;-7158
604553453;-3718;-810;-7158
604554026;-3714;-814;-7179
604554600;-3714;-814;-7179
604555174;-3675;-811;-7214
604555747;-3645;-811;-7250
604556321;-3645;-811;-7250
604556895;-3633;-831;-7283
604557469;-3633;-831;-7283
604558042;-3658;-861;-7306
604558616;-3658;-861;-7306
604559190;-3670;-881;-7331
604559764;-3680;-889;-7353
604560337;-3680;-889;-7353
604560911;-3668;-894;-7371
604561485;-3668;-894;-7371
604562058;-3625;-893;-7385
604562632;-3625;-893;-7385
604563206;-3611;-883;-7383
604563780;-3608;-882;-7359
604564353;-3608;-882;-7359
604564927;-3641;-884;-7326
604565501;-3641;-884;-7326
604566074;-3676;-872;-7291
604566648;-3704;-851;-7263
604567222;-3704;-851;-7263
604567796;-3687;-830;-7240
604568369;-3687;-830;-7240
604568943;-3664;-807;-7205
604569517;-3664;-807;-7205
604570091;-3662;-781;-7177
604570664;-3648;-777;-7162
604571238;-3648;-777;-7162
604571812;-3685;-797;-7147
604572385;-3685;-797;-7147
604572959;-3700;-808;-7144
604573536;-3700;-808;-7144
604574124;-3720;-810;-7147
604574698;-3726;-813;-7165
604575271;-3726;-813;-7165
604575845;-3676;-810;-7203
604576419;-3676;-810;-7203
604576992;-3646;-808;-7236
604577566;-3646;-808;-7236
604578140;-3626;-828;-7270
604578714;-3645;-858;-7295
604579287;-3645;-858;-7295
604579861;-3664;-879;-7316
604580435;-3664;-879;-7316
604581008;-3678;-889;-7334
604581582;-3678;-889;-7334
604582156;-3673;-893;-7353
604582730;-3632;-895;-7375
604583303;-3632;-895;-7375
604583877;-3612;-887;-7376
604584451;-3612;-887;-7376
604585025;-3607;-881;-7358
604585598;-3607;-881;-7358
604586172;-3631;-885;-7331
604586746;-3668;-878;-7297
604587319;-3668;-878;-7297
604587893;-3703;-859;-7269
604588467;-3703;-859;-7269
604589041;-3699;-836;-7248
604589614;-3699;-836;-7248
604590188;-3666;-811;-7215
604590762;-3652;-783;-7184
604591336;-3652;-783;-7184
604591909;-3641;-775;-7166
604592483;-3641;-775;-7166
604593057;-3675;-794;-7149
604593630;-3675;-794;-7149
604594204;-3701;-808;-7145
604594778;-3715;-809;-7148
604595352;-3715;-809;-7148
604595925;-3728;-810;-7162
604596499;-3728;-810;-7162
604597073;-3685;-809;-7195
604597647;-3650;-805;-7230
604598220;-3650;-805;-7230
604598797;-3630;-820;-7266
604599385;-3630;-820;-7266
604599959;-3639;-849;-7294
604600532;-3639;-849;-7294
604601106;-3664;-872;-7316
604601680;-3678;-884;-7335
604602253;-3678;-884;-7335
604602827;-3677;-888;-7353
604603401;-3677;-888;-7353
604603975;-3636;-891;-7376
604604548;-3636;-891;-7376
604605122;-3611;-884;-7385
604605696;-3606;-878;-7371
604606270;-3606;-878;-7371
604606843;-3621;-883;-7341
604607417;-3621;-883;-7341
604607991;-3661;-880;-7305
604608564;-3661;-880;-7305
604609138;-3695;-862;-7274
604609712;-3700;-837;-7249
604610286;-3700;-837;-7249
604610859;-3670;-814;-7220
604611433;-3670;-814;-7220
604612007;-3650;-786;-7192
604612580;-3650;-786;-7192
604613154;-3641;-772;-7169
604613728;-3668;-791;-7151
604614302;-3668;-791;-7151
604614875;-3707;-810;-7144
604615449;-3707;-810;-7144
604616023;-3711;-812;-7149
604616597;-3711;-812;-7149
604617170;-3725;-812;-7160
604617744;-3702;-815;-7190
604618318;-3702;-815;-7190
604618891;-3661;-811;-7229
604619465;-3661;-811;-7229
604620039;-3637;-818;-7262
604620613;-3637;-818;-7262
604621186;-3637;-845;-7290
604621760;-3666;-871;-7311
604622334;-3666;-871;-7311
604622908;-3678;-886;-7331
604623485;-3678;-886;-7331
604624071;-3680;-890;-7346
604624645;-3647;-895;-7367
604625218;-3647;-895;-7367
604625792;-3615;-892;-7380
604626366;-3615;-892;-7380
604626940;-3610;-885;-7370
604627513;-3610;-885;-7370
604628087;-3618;-887;-7345
604628661;-3659;-886;-7307
604629235;-3659;-886;-7307
604629808;-3691;-869;-7268
604630382;-3691;-869;-7268
604630956;-3704;-845;-7232
604631529;-3704;-845;-7232
604632103;-3681;-825;-7212
604632677;-3653;-797;-7201
604633251;-3653;-797;-7201
604633824;-3646;-776;-7177
604634398;-3646;-776;-7177
604634972;-3663;-793;-7154
604635546;-3663;-793;-7154
604636123;-3707;-814;-7141
604636764;-3710;-815;-7144
604637342;-3710;-815;-7144
604637930;-3720;-814;-7153
604638553;-3720;-814;-7153
604639127;-3713;-817;-7175
604639701;-3672;-813;-7210
604640274;-3672;-813;-7210
604640852;-3645;-816;-7244
604641460;-3645;-816;-7244
604642034;-3637;-838;-7273
604642608;-3637;-838;-7273
604643181;-3665;-866;-7291
604643755;-3676;-885;-7313
604644329;-3676;-885;-7313
604644902;-3682;-889;-7335
604645476;-3682;-889;-7335
604646050;-3660;-894;-7356
604646624;-3660;-894;-7356
604647197;-3619;-894;-7371
604647771;-3609;-887;-7366
604648345;-3609;-887;-7366
604648922;-3611;-888;-7343
604649540;-3611;-888;-7343
604650113;-3648;-891;-7309
604650687;-3681;-877;-7272
604651261;-3681;-877;-7272
604651834;-3701;-852;-7238
604652408;-3701;-852;-7238
604652982;-3688;-829;-7218
604653556;-3688;-829;-7218
604654129;-3653;-803;-7204
604654703;-3643;-777;-7180
604655277;-3643;-777;-7180
604655851;-3652;-784;-7152
604656424;-3652;-784;-7152
604656998;-3696;-808;-7135
604657572;-3696;-808;-7135
604658145;-3706;-814;-7137
604658719;-3721;-814;-7142
604659293;-3721;-814;-7142
604659867;-3722;-817;-7162
604660440;-3722;-817;-7162
604661014;-3671;-813;-7202
604661588;-3671;-813;-7202
604662161;-3643;-812;-7235
604662735;-3629;-834;-7267
604663309;-3629;-834;-7267
604663883;-3649;-864;-7291
604664456;-3649;-864;-7291
604665030;-3663;-884;-7312
604665604;-3663;-884;-7312
604666178;-3673;-892;-7331
604666751;-3665;-894;-7350
604667325;-3665;-894;-7350
604667899;-3622;-895;-7370
604668472;-3622;-895;-7370
604669046;-3605;-887;-7369
604669620;-3605;-887;-7369
604670194;-3602;-884;-7350
604670767;-3630;-890;-7320
604671341;-3630;-890;-7320
604671915;-3668;-881;-7288
604672489;-3668;-881;-7288
604673062;-3700;-860;-7264
604673639;-3700;-860;-7264
604674227;-3682;-836;-7237
604674801;-3659;-814;-7197
604675374;-3659;-814;-7197
604675948;-3662;-786;-7170
604676522;-3662;-786;-7170
604677095;-3639;-775;-7157
604677669;-3671;-792;-7141
604678243;-3671;-792;-7141
604678817;-3694;-805;-7134
604679390;-3694;-805;-7134
604679964;-3717;-811;-7136
604680538;-3717;-811;-7136
604681112;-3729;-814;-7154
604681685;-3680;-812;-7191
604682259;-3680;-812;-7191
604682833;-3649;-811;-7225
604683406;-3649;-811;-7225
604683980;-3626;-829;-7259
604684554;-3626;-829;-7259
604685128;-3634;-857;-7285
604685701;-3658;-879;-7306
604686275;-3658;-879;-7306
604686849;-3670;-888;-7323
604687423;-3670;-888;-7323
604687996;-3669;-889;-7338
604688570;-3669;-889;-7338
604689144;-3629;-890;-7359
604689717;-3605;-883;-7370
604690291;-3605;-883;-7370
604690865;-3603;-878;-7355
604691439;-3603;-878;-7355
604692012;-3622;-885;-7327
604692586;-3622;-885;-7327
604693160;-3662;-882;-7296
604693734;-3697;-867;-7265
604694307;-3697;-867;-7265
604694881;-3701;-844;-7242
604695455;-3701;-844;-7242
604696028;-3666;-819;-7213
604696602;-3666;-819;-7213
604697176;-3645;-789;-7181
604697750;-3635;-774;-7158
604698323;-3635;-774;-7158
604698901;-3661;-790;-7137
604699488;-3661;-790;-7137
604700062;-3700;-805;-7130
604700635;-3700;-805;-7130
604701209;-3706;-808;-7137
604701783;-3723;-812;-7148
604702357;-3723;-812;-7148
604702930;-3699;-817;-7181
604703504;-3699;-817;-7181
604704078;-3661;-815;-7220
604704651;-3639;-824;-7256
604705225;-3639;-824;-7256
604705799;-3638;-852;-7286
604706373;-3638;-852;-7286
604706946;-3666;-877;-7307
604707520;-3666;-877;-7307
604708094;-3675;-886;-7327
604708668;-3677;-882;-7342
604709241;-3677;-882;-7342
604709815;-3645;-882;-7359
604710389;-3645;-882;-7359
604710962;-3611;-879;-7371
604711536;-3611;-879;-7371
604712110;-3606;-872;-7362
604712684;-3616;-876;-7339
604713257;-3616;-876;-7339
604713831;-3658;-880;-7307
604714405;-3658;-880;-7307
604714978;-3691;-868;-7274
604715552;-3691;-868;-7274
604716126;-3708;-843;-7238
604716700;-3685;-821;-7217
604717273;-3685;-821;-7217
604717847;-3651;-793;-7207
604718421;-3651;-793;-7207
604718995;-3641;-769;-7184
604719568;-3641;-769;-7184
604720142;-3656;-782;-7159
604720716;-3701;-798;-7140
604721289;-3701;-798;-7140
604721863;-3707;-799;-7141
604722437;-3707;-799;-7141
604723011;-3718;-803;-7150
604723588;-3718;-803;-7150
604724174;-3716;-811;-7173
604724748;-3676;-810;-7210
604725322;-3676;-810;-7210
604725895;-3649;-814;-7249
604726469;-3649;-814;-7249
604727043;-3638;-839;-7282
604727616;-3638;-839;-7282
604728190;-3664;-869;-7304
604728764;-3672;-883;-7327
604729338;-3672;-883;-7327
604729911;-3677;-883;-7346
604730485;-3677;-883;-7346
604731059;-3658;-885;-7360
604731633;-3658;-885;-7360
604732206;-3614;-884;-7372
604732780;-3603;-875;-7368
604733354;-3603;-875;-7368
604733927;-3606;-876;-7348
604734501;-3606;-876;-7348
604735075;-3641;-884;-7318
604735649;-3677;-878;-7286
604736222;-3677;-878;-7286
604736796;-3707;-858;-7259
604737370;-3707;-858;-7259
604737944;-3700;-837;-7236
604738573;-3700;-837;-7236
604739164;-3660;-811;-7214
604739788;-3645;-783;-7187
604740362;-3645;-783;-7187
604740939;-3643;-782;-7160
604741547;-3643;-782;-7160
604742121;-3683;-799;-7140
604742695;-3704;-805;-7137
604743269;-3704;-805;-7137
604743842;-3709;-809;-7144
604744416;-3709;-809;-7144
604744990;-3718;-816;-7162
604745564;-3718;-816;-7162
604746137;-3684;-816;-7202
604746711;-3653;-817;-7241
604747285;-3653;-817;-7241
604747858;-3634;-837;-7277
604748432;-3634;-837;-7277
604749009;-3644;-870;-7306
604749627;-3644;-870;-7306
604750201;-3663;-889;-7325
604750774;-3674;-892;-7336
604751348;-3674;-892;-7336
604751922;-3670;-887;-7347
604752496;-3670;-887;-7347
604753069;-3626;-885;-7367
604753643;-3605;-877;-7373
604754217;-3605;-877;-7373
604754790;-3604;-872;-7360
604755364;-3604;-872;-7360
604755938;-3624;-881;-7334
604756512;-3624;-881;-7334
604757085;-3667;-883;-7303
604757659;-3703;-868;-7278
604758233;-3703;-868;-7278
604758807;-3696;-840;-7259
604759380;-3696;-840;-7259
604759954;-3670;-820;-7228
604760528;-3670;-820;-7228
604761101;-3672;-797;-7192
604761675;-3650;-775;-7171
604762249;-3650;-775;-7171
604762823;-3661;-786;-7152
604763396;-3661;-786;-7152
604763970;-3698;-800;-7139
604764544;-3698;-800;-7139
604765117;-3709;-806;-7142
604765691;-3727;-811;-7155
604766265;-3727;-811;-7155
604766839;-3697;-816;-7190
604767412;-3697;-816;-7190
604767986;-3657;-815;-7230
604768560;-3657;-815;-7230
604769134;-3635;-826;-7267
604769707;-3632;-857;-7296
604770281;-3632;-857;-7296
604770855;-3660;-883;-7316
604771428;-3660;-883;-7316
604772002;-3669;-890;-7336
604772576;-3669;-890;-7336
604773150;-3671;-886;-7350
604773727;-3641;-888;-7363
604774314;-3641;-888;-7363
604774888;-3606;-883;-7371
604775462;-3606;-883;-7371
604776035;-3601;-873;-7366
604776609;-3601;-873;-7366
604777183;-3609;-874;-7344
604777757;-3649;-880;-7313
604778330;-3649;-880;-7313
604778904;-3683;-872;-7280
604779478;-3683;-872;-7280
604780051;-3705;-850;-7247
604780625;-3705;-850;-7247
604781199;-3688;-829;-7229
604781773;-3651;-802;-7217
604782346;-3651;-802;-7217
604782920;-3639;-777;-7193
604783494;-3639;-777;-7193
604784068;-3647;-785;-7166
604784641;-3647;-785;-7166
604785215;-3691;-802;-7149
604785789;-3699;-804;-7150
604786362;-3699;-804;-7150
604786936;-3711;-808;-7152
604787510;-3711;-808;-7152
604788084;-3716;-816;-7170
604788657;-3673;-814;-7211
604789231;-3673;-814;-7211
604789805;-3647;-816;-7249
604790379;-3647;-816;-7249
604790952;-3634;-839;-7282
604791526;-3634;-839;-7282
604792100;-3653;-871;-7308
604792673;-3667;-887;-7327
604793247;-3667;-887;-7327
604793821;-3675;-888;-7339
604794395;-3675;-888;-7339
604794968;-3663;-887;-7352
604795542;-3663;-887;-7352
604796116;-3617;-886;-7368
604796689;-3600;-876;-7368
604797263;-3600;-876;-7368
604797837;-3602;-872;-7351
604798411;-3602;-872;-7351
604798988;-3630;-880;-7323
604799575;-3630;-880;-7323
604800149;-3670;-879;-7292
604800723;-3705;-864;-7270
604801296;-3705;-864;-7270
604801870;-3700;-840;-7252
604802444;-3700;-840;-7252
604803018;-3667;-816;-7221
604803591;-3667;-816;-7221
604804165;-3653;-789;-7189
604804739;-3639;-778;-7167
604805313;-3639;-778;-7167
604805886;-3669;-792;-7146
604806460;-3669;-792;-7146
604807034;-3698;-804;-7138
604807607;-3698;-804;-7138
604808181;-3703;-809;-7141
604808755;-3721;-814;-7153
604809329;-3721;-814;-7153
604809902;-3691;-816;-7189
604810476;-3691;-816;-7189
604811050;-3655;-814;-7231
604811623;-3655;-814;-7231
604812197;-3634;-829;-7267
604812771;-3634;-862;-7296
604813345;-3634;-862;-7296
604813918;-3661;-885;-7317
604814492;-3661;-885;-7317
604815066;-3670;-888;-7336
604815640;-3670;-888;-7336
604816213;-3669;-882;-7350
604816787;-3634;-884;-7365
604817361;-3634;-884;-7365
604817934;-3604;-878;-7375
604818508;-3604;-878;-7375
604819082;-3602;-869;-7365
604819656;-3616;-873;-7339
604820229;-3616;-873;-7339
604820803;-3658;-880;-7307
604821377;-3658;-880;-7307
604821951;-3691;-870;-7280
604822524;-3691;-870;-7280
604823098;-3705;-845;-7256
604823675;-3681;-824;-7233
604824261;-3681;-824;-7233
604824835;-3661;-801;-7206
604825409;-3661;-801;-7206
604825983;-3649;-778;-7184
604826556;-3649;-778;-7184
604827130;-3652;-784;-7164
604827704;-3694;-800;-7146
604828278;-3694;-800;-7146
604828851;-3696;-804;-7145
604829425;-3696;-804;-7145
604829999;-3715;-808;-7152
604830572;-3715;-808;-7152
604831146;-3711;-816;-7183
604831720;-3667;-816;-7226
604832294;-3667;-816;-7226
604832867;-3645;-821;-7263
604833441;-3645;-821;-7263
604834015;-3632;-847;-7296
604834589;-3632;-847;-7296
604835162;-3657;-878;-7318
604835736;-3667;-890;-7337
604836310;-3667;-890;-7337
604836883;-3673;-885;-7353
604837457;-3673;-885;-7353
604838031;-3659;-883;-7364
604838605;-3659;-883;-7364
604839178;-3616;-882;-7375
604839752;-3604;-872;-7372
604840329;-3604;-872;-7372
604840955;-3608;-869;-7352
604841550;-3608;-869;-7352
604842205;-3641;-877;-7322
604842778;-3679;-874;-7292
604843352;-3679;-874;-7292
604843926;-3712;-857;-7268
604844499;-3712;-857;-7268
604845073;-3710;-836;-7248
604845647;-3667;-810;-7228
604846221;-3667;-810;-7228
604846794;-3647;-781;-7202
604847368;-3647;-781;-7202
604847942;-3643;-779;-7174
604848519;-3643;-779;-7174
604849141;-3678;-797;-7154
604849714;-3705;-804;-7149
604850288;-3705;-804;-7149
604850862;-3705;-806;-7152
604851435;-3705;-806;-7152
604852009;-3713;-812;-7167
604852583;-3713;-812;-7167
604853157;-3687;-815;-7201
604853730;-3654;-815;-7241
604854304;-3654;-815;-7241
604854878;-3634;-832;-7280
604855452;-3634;-832;-7280
604856025;-3641;-863;-7308
604856599;-3641;-863;-7308
604857173;-3664;-885;-7327
604857746;-3673;-888;-7342
604858320;-3673;-888;-7342
604858894;-3672;-881;-7353
604859468;-3672;-881;-7353
604860041;-3631;-881;-7367
604860615;-3631;-881;-7367
604861189;-3603;-874;-7376
604861762;-3602;-866;-7365
604862336;-3602;-866;-7365
604862910;-3617;-871;-7342
604863484;-3617;-871;-7342
604864057;-3660;-875;-7313
604864631;-3660;-875;-7313
604865205;-3694;-865;-7284
604865779;-3707;-841;-7259
604866352;-3707;-841;-7259
604866926;-3680;-819;-7237
604867500;-3680;-819;-7237
604868073;-3654;-792;-7216
604868647;-3645;-772;-7193
604869221;-3645;-772;-7193
604869795;-3659;-783;-7166
604870368;-3659;-783;-7166
604870942;-3701;-798;-7150
604871516;-3701;-798;-7150
604872090;-3698;-798;-7153
604872663;-3713;-802;-7163
604873237;-3713;-802;-7163
604873814;-3711;-811;-7191
604874402;-3711;-811;-7191
604874975;-3667;-809;-7231
604875549;-3667;-809;-7231
604876123;-3646;-816;-7266
604876696;-3634;-844;-7297
604877270;-3634;-844;-7297
604877844;-3658;-873;-7317
604878418;-3658;-873;-7317
604878991;-3668;-885;-7337
604879565;-3668;-885;-7337
604880139;-3674;-881;-7354
604880713;-3658;-880;-7365
604881286;-3658;-880;-7365
604881860;-3614;-878;-7374
604882434;-3614;-878;-7374
604883007;-3603;-867;-7370
604883581;-3603;-867;-7370
604884155;-3606;-866;-7348
604884729;-3643;-874;-7319
604885302;-3643;-874;-7319
604885876;-3681;-871;-7290
604886450;-3681;-871;-7290
604887023;-3711;-853;-7268
604887597;-3711;-853;-7268
604888171;-3696;-832;-7247
604888745;-3670;-809;-7215
604889318;-3670;-809;-7215
604889892;-3665;-782;-7187
604890466;-3665;-782;-7187
604891040;-3644;-775;-7173
604891613;-3644;-775;-7173
604892187;-3678;-791;-7154
604892761;-3697;-801;-7146
604893334;-3697;-801;-7146
604893908;-3715;-808;-7150
604894482;-3715;-808;-7150
604895056;-3730;-815;-7168
604895629;-3730;-815;-7168
604896203;-3684;-814;-7206
604896777;-3655;-814;-7242
604897351;-3655;-814;-7242
604897924;-3633;-835;-7278
604898501;-3633;-835;-7278
604899089;-3641;-868;-7305
604899663;-3664;-888;-7323
604900236;-3664;-888;-7323
604900810;-3675;-888;-7336
604901384;-3675;-888;-7336
604901957;-3672;-884;-7347
604902531;-3672;-884;-7347
604903105;-3629;-885;-7365
604903679;-3605;-877;-7372
604904252;-3605;-877;-7372
604904826;-3605;-868;-7358
604905400;-3605;-868;-7358
604905974;-3624;-873;-7332
604906547;-3624;-873;-7332
604907121;-3666;-878;-7299
604907695;-3700;-868;-7268
604908268;-3700;-868;-7268
604908842;-3712;-844;-7242
604909416;-3712;-844;-7242
604909990;-3681;-821;-7225
604910563;-3681;-821;-7225
604911137;-3653;-794;-7208
604911711;-3645;-778;-7182
604912285;-3645;-778;-7182
604912858;-3663;-793;-7156
604913432;-3663;-793;-7156
604914006;-3703;-806;-7141
604914579;-3703;-806;-7141
604915153;-3699;-804;-7144
604915727;-3709;-809;-7157
604916301;-3709;-809;-7157
604916874;-3706;-818;-7183
604917448;-3706;-818;-7183
604918022;-3668;-816;-7222
604918596;-3668;-816;-7222
604919169;-3645;-823;-7259
604919743;-3636;-851;-7292
604920317;-3636;-851;-7292
604920890;-3662;-880;-7313
604921464;-3662;-880;-7313
604922038;-3670;-891;-7334
604922612;-3670;-891;-7334
604923185;-3673;-887;-7349
604923762;-3652;-885;-7363
604924349;-3652;-885;-7363
604924923;-3612;-882;-7372
604925496;-3612;-882;-7372
604926070;-3605;-871;-7364
604926644;-3605;-871;-7364
604927217;-3611;-871;-7342
604927791;-3648;-877;-7313
604928365;-3648;-877;-7313
604928939;-3684;-874;-7282
604929512;-3684;-874;-7282
604930086;-3713;-857;-7252
604930660;-3706;-836;-7232
604931234;-3706;-836;-7232
604931807;-3666;-810;-7219
604932381;-3666;-810;-7219
604932955;-3650;-782;-7194
604933528;-3650;-782;-7194
604934102;-3649;-784;-7166
604934676;-3688;-802;-7146
604935250;-3688;-802;-7146
604935823;-3706;-806;-7142
604936397;-3706;-806;-7142
604936971;-3709;-811;-7145
604937544;-3709;-811;-7145
604938118;-3719;-818;-7161
604938692;-3685;-819;-7201
604939266;-3685;-819;-7201
604939839;-3656;-819;-7238
604940413;-3656;-819;-7238
604940987;-3636;-839;-7274
604941561;-3636;-839;-7274
604942138;-3644;-871;-7301
604942738;-3664;-890;-7321
604943364;-3664;-890;-7321
604943955;-3673;-891;-7333
604944579;-3673;-891;-7333
604945153;-3669;-886;-7344
604945727;-3625;-884;-7362
604946300;-3625;-884;-7362
604946874;-3602;-875;-7368
604947448;-3602;-875;-7368
604948022;-3603;-868;-7354
604948599;-3603;-868;-7354
604949230;-3623;-875;-7326
604949803;-3667;-878;-7295
604950377;-3667;-878;-7295
604950951;-3701;-867;-7266
604951524;-3701;-867;-7266
604952098;-3712;-844;-7239
604952672;-3680;-822;-7221
604953246;-3680;-822;-7221
604953819;-3654;-794;-7204
604954393;-3654;-794;-7204
604954967;-3647;-778;-7178
604955541;-3647;-778;-7178
604956114;-3664;-794;-7154
604956688;-3705;-806;-7141
604957262;-3705;-806;-7141
604957835;-3706;-805;-7145
604958409;-3706;-805;-7145
604958983;-3709;-811;-7158
604959557;-3709;-811;-7158
604960130;-3700;-818;-7183
604960704;-3667;-816;-7221
604961278;-3667;-816;-7221
604961852;-3642;-823;-7261
604962425;-3642;-823;-7261
604962999;-3637;-850;-7291
604963573;-3637;-850;-7291
604964146;-3662;-878;-7309
604964720;-3666;-887;-7328
604965294;-3666;-887;-7328
604965868;-3670;-882;-7343
604966441;-3670;-882;-7343
604967015;-3650;-881;-7357
604967589;-3650;-881;-7357
604968163;-3609;-878;-7368
604968736;-3602;-867;-7362
604969310;-3602;-867;-7362
604969894;-3607;-867;-7341
604970473;-3607;-867;-7341
604971046;-3644;-874;-7310
604971620;-3644;-874;-7310
604972194;-3680;-868;-7281
604972767;-3710;-851;-7262
604973341;-3710;-851;-7262
604973918;-3699;-830;-7242
604974506;-3699;-830;-7242
604975080;-3668;-807;-7213
604975653;-3658;-783;-7188
604976227;-3658;-783;-7188
604976801;-3647;-779;-7167
604977374;-3647;-779;-7167
604977948;-3684;-795;-7148
604978522;-3684;-795;-7148
604979096;-3698;-801;-7145
604979669;-3713;-808;-7150
604980243;-3713;-808;-7150
604980817;-3726;-816;-7166
604981390;-3726;-816;-7166
604981964;-3683;-815;-7205
604982538;-3683;-815;-7205
604983112;-3656;-816;-7244
604983685;-3638;-837;-7281
604984259;-3638;-837;-7281
604984833;-3643;-868;-7310
604985407;-3643;-868;-7310
604985980;-3664;-887;-7329
604986554;-3664;-887;-7329
604987128;-3673;-887;-7344
604987701;-3670;-881;-7354
604988275;-3670;-881;-7354
604988849;-3628;-882;-7370
604989423;-3628;-882;-7370
604989996;-3604;-874;-7376
604990570;-3604;-874;-7376
604991144;-3605;-866;-7362
604991718;-3623;-871;-7336
604992291;-3623;-871;-7336
604992865;-3665;-874;-7305
604993439;-3665;-874;-7305
604994012;-3699;-864;-7275
604994586;-3699;-864;-7275
604995160;-3712;-841;-7250
604995734;-3683;-818;-7229
604996307;-3683;-818;-7229
604996881;-3657;-793;-7209
604997455;-3657;-793;-7209
604998029;-3648;-776;-7186
604998606;-3648;-776;-7186
604999193;-3662;-789;-7161
604999767;-3702;-802;-7146
605000341;-3702;-802;-7146
605000914;-3702;-802;-7148
605001488;-3702;-802;-7148
605002062;-3708;-805;-7160
605002635;-3708;-805;-7160
605003209;-3699;-815;-7187
605003783;-3665;-817;-7224
605004357;-3665;-817;-7224
605004930;-3642;-825;-7264
605005504;-3642;-825;-7264
605006078;-3634;-853;-7297
605006652;-3660;-883;-7317
605007225;-3660;-883;-7317
605007799;-3666;-892;-7336
605008373;-3666;-892;-7336
605008946;-3672;-886;-7351
605009520;-3672;-886;-7351
605010094;-3654;-883;-7363
605010668;-3612;-880;-7373
605011241;-3612;-880;-7373
605011815;-3605;-868;-7368
605012389;-3605;-868;-7368
605012963;-3611;-867;-7346
605013536;-3611;-867;-7346
605014110;-3646;-874;-7316
605014684;-3682;-871;-7287
605015257;-3682;-871;-7287
605015831;-3715;-854;-7267
605016405;-3715;-854;-7267
605016979;-3707;-832;-7254
605017552;-3707;-832;-7254
605018126;-3673;-808;-7225
605018700;-3663;-783;-7192
605019273;-3663;-783;-7192
605019847;-3652;-779;-7170
605020421;-3652;-779;-7170
605020995;-3685;-794;-7151
605021568;-3685;-794;-7151
605022142;-3706;-801;-7147
605022716;-3711;-805;-7152
605023290;-3711;-805;-7152
605023867;-3723;-812;-7166
605024453;-3723;-812;-7166
605025027;-3693;-815;-7201
605025601;-3693;-815;-7201
605026174;-3663;-814;-7240
605026748;-3643;-832;-7277
605027325;-3643;-832;-7277
605027907;-3647;-865;-7305
605028481;-3647;-865;-7305
605029055;-3670;-886;-7325
605029628;-3670;-886;-7325
605030202;-3678;-886;-7341
605030776;-3677;-881;-7351
605031350;-3677;-881;-7351
605031923;-3636;-883;-7365
605032497;-3636;-883;-7365
605033071;-3610;-876;-7373
605033644;-3610;-876;-7373
605034218;-3611;-868;-7362
605034792;-3626;-872;-7337
605035366;-3626;-872;-7337
605035939;-3668;-877;-7305
605036513;-3668;-877;-7305
605037087;-3699;-867;-7273
605037661;-3713;-845;-7240
605038234;-3713;-845;-7240
605038808;-3687;-824;-7225
605039382;-3687;-824;-7225
605039955;-3658;-795;-7216
605040529;-3658;-795;-7216
605041103;-3651;-775;-7192
605041677;-3662;-789;-7166
605042254;-3662;-789;-7166
605042850;-3703;-804;-7154
605043424;-3703;-804;-7154
605043998;-3703;-803;-7157
605044572;-3703;-803;-7157
605045149;-3712;-807;-7161
605045775;-3709;-815;-7183
605046366;-3709;-815;-7183
605046990;-3669;-814;-7222
605047564;-3669;-814;-7222
605048137;-3645;-819;-7259
605048715;-3634;-846;-7292
605049431;-3634;-846;-7292
605050008;-3659;-877;-7312
605050582;-3659;-877;-7312
605051156;-3668;-891;-7331
605051730;-3672;-887;-7345
605052303;-3672;-887;-7345
605052877;-3656;-885;-7357
605053451;-3656;-885;-7357
605054024;-3612;-882;-7369
605054598;-3612;-882;-7369
605055172;-3601;-870;-7365
605055746;-3607;-869;-7345
605056319;-3607;-869;-7345
605056893;-3640;-876;-7317
605057467;-3640;-876;-7317
605058041;-3678;-873;-7287
605058614;-3678;-873;-7287
605059188;-3712;-857;-7263
605059762;-3711;-836;-7246
605060335;-3711;-836;-7246
605060909;-3669;-811;-7226
605061483;-3669;-811;-7226
605062057;-3651;-783;-7199
605062630;-3651;-783;-7199
605063204;-3646;-779;-7170
605063778;-3676;-796;-7147
605064352;-3676;-796;-7147
605064925;-3699;-803;-7140
605065499;-3699;-803;-7140
605066073;-3702;-807;-7144
605066646;-3702;-807;-7144
605067220;-3720;-813;-7157
605067794;-3687;-813;-7193
605068368;-3687;-813;-7193
605068941;-3654;-815;-7233
605069515;-3654;-815;-7233
605070089;-3638;-831;-7266
605070663;-3639;-863;-7295
605071236;-3639;-863;-7295
605071810;-3663;-886;-7315
605072384;-3663;-886;-7315
605072957;-3670;-889;-7333
605073535;-3670;-889;-7333
605074122;-3670;-882;-7345
605074696;-3636;-881;-7358
605075269;-3636;-881;-7358
605075843;-3606;-873;-7367
605076417;-3606;-873;-7367
605076991;-3605;-864;-7356
605077564;-3605;-864;-7356
605078138;-3617;-867;-7329
605078712;-3658;-874;-7299
605079286;-3658;-874;-7299
605079859;-3691;-866;-7272
605080433;-3691;-866;-7272
605081007;-3707;-841;-7261
605081580;-3707;-841;-7261
605082154;-3678;-822;-7242
605082728;-3670;-803;-7201
605083302;-3670;-803;-7201
605083875;-3669;-778;-7175
605084449;-3669;-778;-7175
605085023;-3652;-778;-7159
605085597;-3652;-778;-7159
605086170;-3690;-794;-7140
605086744;-3698;-800;-7135
605087318;-3698;-800;-7135
605087891;-3713;-804;-7142
605088465;-3713;-804;-7142
605089039;-3705;-812;-7171
605089613;-3705;-812;-7171
605090186;-3661;-816;-7214
605090760;-3641;-821;-7249
605091334;-3641;-821;-7249
605091907;-3626;-847;-7282
605092481;-3626;-847;-7282
605093055;-3646;-879;-7306
605093629;-3646;-879;-7306
605094202;-3657;-892;-7325
605094776;-3666;-890;-7339
605095350;-3666;-890;-7339
605095924;-3658;-885;-7349
605096497;-3658;-885;-7349
605097071;-3615;-881;-7364
605097645;-3615;-881;-7364
605098218;-3601;-870;-7362
605098796;-3603;-865;-7342
605099383;-3603;-865;-7342
605099957;-3631;-870;-7313
605100530;-3631;-870;-7313
605101104;-3670;-870;-7283
605101678;-3707;-856;-7261
605102252;-3707;-856;-7261
605102825;-3708;-834;-7244
605103399;-3708;-834;-7244
605103973;-3668;-811;-7217
605104547;-3668;-811;-7217
605105120;-3651;-786;-7186
605105694;-3640;-779;-7161
605106268;-3640;-779;-7161
605106841;-3666;-794;-7142
605107415;-3666;-794;-7142
605107989;-3695;-804;-7137
605108563;-3695;-804;-7137
605109136;-3697;-809;-7141
605109710;-3713;-816;-7154
605110284;-3713;-816;-7154
605110858;-3690;-821;-7190
605111431;-3690;-821;-7190
605112005;-3658;-821;-7232
605112579;-3658;-821;-7232
605113152;-3638;-836;-7267
605113726;-3637;-869;-7296
605114300;-3637;-869;-7296
605114874;-3662;-892;-7316
605115447;-3662;-892;-7316
605116021;-3670;-895;-7335
605116595;-3670;-895;-7335
605117169;-3671;-887;-7346
605117742;-3637;-887;-7359
605118316;-3637;-887;-7359
605118890;-3605;-880;-7369
605119463;-3605;-880;-7369
605120037;-3601;-871;-7359
605120611;-3601;-871;-7359
605121185;-3612;-872;-7335
605121758;-3655;-876;-7305
605122332;-3655;-876;-7305
605122906;-3689;-869;-7274
605123483;-3689;-869;-7274
605124069;-3709;-847;-7244
605124643;-3709;-847;-7244
605125217;-3687;-825;-7228
605125790;-3653;-798;-7218
605126364;-3653;-798;-7218
605126938;-3644;-776;-7195
605127512;-3644;-776;-7195
605128085;-3651;-786;-7168
605128659;-3693;-802;-7150
605129233;-3693;-802;-7150
605129807;-3696;-802;-7153
605130380;-3696;-802;-7153
605130954;-3709;-806;-7160
605131528;-3709;-806;-7160
605132101;-3714;-816;-7182
605132675;-3671;-816;-7223
605133249;-3671;-816;-7223
605133823;-3647;-818;-7260
605134396;-3647;-818;-7260
605134970;-3633;-843;-7293
605135544;-3633;-843;-7293
605136118;-3652;-876;-7316
605136691;-3664;-891;-7335
605137265;-3664;-891;-7335
605137839;-3672;-889;-7348
605138412;-3672;-889;-7348
605138986;-3662;-885;-7360
605139560;-3662;-885;-7360
605140134;-3616;-882;-7378
605140707;-3603;-871;-7377
605141281;-3603;-871;-7377
605141855;-3605;-867;-7358
605142432;-3605;-867;-7358
605143033;-3633;-874;-7331
605143606;-3633;-874;-7331
605144180;-3673;-874;-7301
605144754;-3710;-860;-7276
605145328;-3710;-860;-7276
605145901;-3713;-839;-7254
605146475;-3713;-839;-7254
605147049;-3673;-816;-7233
605147626;-3673;-816;-7233
605148271;-3652;-788;-7209
605148866;-3645;-779;-7183
605149542;-3645;-779;-7183
605150115;-3671;-796;-7162
605150689;-3702;-805;-7154
605151263;-3702;-805;-7154
605151837;-3699;-805;-7155
605152410;-3699;-805;-7155
605152984;-3712;-811;-7166
605153558;-3712;-811;-7166
605154132;-3690;-817;-7200
605154705;-3655;-817;-7244
605155279;-3655;-817;-7244
605155853;-3636;-829;-7280
605156426;-3636;-829;-7280
605157000;-3634;-859;-7307
605157574;-3634;-859;-7307
605158148;-3661;-884;-7325
605158721;-3667;-889;-7342
605159295;-3667;-889;-7342
605159869;-3669;-883;-7353
605160442;-3669;-883;-7353
605161016;-3638;-882;-7365
605161590;-3638;-882;-7365
605162164;-3604;-876;-7375
605162737;-3603;-865;-7367
605163311;-3603;-865;-7367
605163885;-3613;-866;-7345
605164459;-3613;-866;-7345
605165032;-3654;-873;-7313
605165606;-3654;-873;-7313
605166180;-3688;-867;-7284
605166753;-3707;-843;-7268
605167327;-3707;-843;-7268
605167901;-3686;-824;-7248
605168475;-3686;-824;-7248
605169048;-3674;-805;-7210
605169622;-3674;-805;-7210
605170196;-3666;-778;-7187
605170770;-3651;-778;-7172
605171343;-3651;-778;-7172
605171917;-3690;-795;-7154
605172491;-3690;-795;-7154
605173064;-3694;-802;-7149
605173642;-3694;-802;-7149
605174233;-3716;-806;-7150
605174807;-3721;-814;-7173
605175380;-3721;-814;-7173
605175954;-3673;-815;-7217
605176528;-3673;-815;-7217
605177102;-3649;-817;-7253
605177675;-3630;-841;-7288
605178249;-3630;-841;-7288
605178823;-3647;-873;-7314
605179396;-3647;-873;-7314
605179970;-3662;-888;-7331
605180544;-3662;-888;-7331
605181118;-3670;-885;-7342
605181691;-3662;-881;-7352
605182265;-3662;-881;-7352
605182839;-3617;-878;-7369
605183413;-3617;-878;-7369
605183986;-3601;-867;-7371
605184560;-3601;-867;-7371
605185134;-3604;-860;-7354
605185707;-3629;-866;-7327
605186281;-3629;-866;-7327
605186855;-3670;-868;-7297
605187429;-3670;-868;-7297
605188002;-3704;-855;-7267
605188576;-3704;-855;-7267
605189150;-3711;-834;-7242
605189724;-3675;-812;-7226
605190297;-3675;-812;-7226
605190871;-3653;-784;-7211
605191445;-3653;-784;-7211
605192018;-3648;-774;-7185
605192592;-3648;-774;-7185
605193166;-3672;-794;-7163
605193740;-3705;-803;-7147
605194313;-3705;-803;-7147
605194887;-3702;-800;-7144
605195461;-3702;-800;-7144
605196035;-3712;-806;-7157
605196608;-3712;-806;-7157
605197182;-3694;-813;-7189
605197756;-3658;-814;-7231
605198329;-3658;-814;-7231
605198907;-3639;-826;-7267
605199494;-3639;-826;-7267
605200068;-3637;-856;-7296
605200641;-3637;-856;-7296
605201215;-3664;-882;-7314
605201789;-3669;-890;-7333
605202363;-3669;-890;-7333
605202936;-3670;-883;-7349
605203510;-3670;-883;-7349
605204084;-3644;-882;-7361
605204658;-3606;-877;-7370
605205231;-3606;-877;-7370
605205805;-3603;-866;-7362
605206379;-3603;-866;-7362
605206952;-3613;-868;-7339
605207526;-3613;-868;-7339
605208100;-3653;-874;-7308
605208674;-3685;-869;-7277
605209247;-3685;-869;-7277
605209821;-3712;-848;-7248
605210395;-3712;-848;-7248
605210969;-3703;-827;-7231
605211542;-3703;-827;-7231
605212116;-3664;-804;-7218
605212690;-3653;-780;-7192
605213263;-3653;-780;-7192
605213837;-3655;-784;-7164
605214411;-3655;-784;-7164
605214985;-3693;-801;-7144
605215558;-3693;-801;-7144
605216132;-3707;-804;-7139
605216706;-3712;-807;-7142
605217280;-3712;-807;-7142
605217853;-3716;-814;-7161
605218427;-3716;-814;-7161
605219001;-3684;-816;-7198
605219574;-3684;-816;-7198
605220148;-3657;-818;-7235
605220722;-3637;-839;-7270
605221296;-3637;-839;-7270
605221869;-3649;-871;-7297
605222443;-3649;-871;-7297
605223017;-3667;-889;-7318
605223594;-3667;-889;-7318
605224180;-3674;-887;-7331
605224754;-3670;-881;-7341
605225328;-3670;-881;-7341
605225901;-3628;-880;-7359
605226475;-3628;-880;-7359
605227049;-3606;-871;-7366
605227622;-3606;-871;-7366
605228196;-3608;-865;-7351
605228770;-3626;-871;-7326
605229344;-3626;-871;-7326
605229917;-3669;-875;-7295
605230491;-3669;-875;-7295
605231065;-3701;-864;-7266
605231639;-3701;-864;-7266
605232212;-3714;-840;-7237
605232786;-3684;-818;-7221
605233360;-3684;-818;-7221
605233933;-3657;-794;-7209
605234507;-3657;-794;-7209
605235081;-3651;-779;-7182
605235655;-3666;-794;-7156
605236228;-3666;-794;-7156
605236802;-3705;-807;-7141
605237376;-3705;-807;-7141
605237949;-3698;-804;-7146
605238523;-3698;-804;-7146
605239097;-3706;-809;-7157
605239671;-3704;-820;-7181
605240244;-3704;-820;-7181
605240818;-3665;-819;-7218
605241392;-3665;-819;-7218
605241966;-3645;-824;-7252
605242543;-3645;-824;-7252
605243139;-3634;-852;-7284
605243713;-3657;-882;-7306
605244287;-3657;-882;-7306
605244861;-3664;-892;-7326
605245434;-3664;-892;-7326
605246008;-3668;-887;-7343
605246582;-3668;-887;-7343
605247156;-3656;-884;-7352
605247729;-3614;-880;-7361
605248303;-3614;-880;-7361
605248880;-3601;-868;-7358
605249493;-3601;-868;-7358
605250070;-3603;-865;-7336
605250696;-3636;-872;-7308
605251287;-3636;-872;-7308
605251911;-3676;-872;-7281
605252485;-3676;-872;-7281
605253058;-3713;-856;-7260
605253632;-3713;-856;-7260
605254206;-3710;-836;-7246
605254779;-3672;-812;-7220
605255353;-3672;-812;-7220
605255927;-3658;-788;-7189
605256501;-3658;-788;-7189
605257074;-3648;-781;-7169
605257648;-3648;-781;-7169
605258222;-3677;-797;-7149
605258796;-3700;-806;-7144
605259369;-3700;-806;-7144
605259943;-3705;-808;-7150
605260517;-3705;-808;-7150
605261090;-3721;-814;-7162
605261664;-3686;-816;-7198
605262238;-3686;-816;-7198
605262812;-3653;-816;-7238
605263385;-3653;-816;-7238
605263959;-3634;-831;-7273
605264533;-3634;-831;-7273
605265106;-3635;-864;-7301
605265680;-3662;-889;-7320
605266254;-3662;-889;-7320
605266828;-3668;-891;-7339
605267401;-3668;-891;-7339
605267975;-3668;-883;-7353
605268549;-3668;-883;-7353
605269123;-3634;-882;-7366
605269696;-3601;-875;-7375
605270270;-3601;-875;-7375
605270844;-3600;-865;-7364
605271417;-3600;-865;-7364
605271991;-3612;-867;-7339
605272565;-3612;-867;-7339
605273139;-3654;-873;-7307
605273716;-3685;-866;-7279
605274315;-3685;-866;-7279
605274889;-3707;-843;-7249
605275462;-3707;-843;-7249
605276036;-3690;-823;-7234
605276610;-3690;-823;-7234
605277184;-3655;-799;-7228
605277757;-3647;-775;-7205
605278331;-3647;-775;-7205
605278905;-3650;-783;-7177
605279479;-3650;-783;-7177
605280052;-3687;-800;-7159
605280626;-3687;-800;-7159
605281200;-3692;-801;-7160
605281773;-3703;-805;-7163
605282347;-3703;-805;-7163
605282921;-3713;-815;-7180
605283495;-3713;-815;-7180
605284068;-3668;-815;-7220
605284642;-3668;-815;-7220
605285216;-3643;-817;-7257
605285790;-3626;-839;-7291
605286363;-3626;-839;-7291
605286937;-3638;-872;-7317
605287511;-3638;-872;-7317
605288084;-3657;-890;-7334
605288658;-3664;-888;-7346
605289232;-3664;-888;-7346
605289806;-3659;-882;-7357
605290379;-3659;-882;-7357
605290953;-3614;-879;-7374
605291527;-3614;-879;-7374
605292101;-3593;-868;-7377
605292674;-3596;-862;-7360
605293248;-3596;-862;-7360
605293822;-3618;-868;-7334
605294395;-3618;-868;-7334
605294969;-3660;-871;-7303
605295543;-3660;-871;-7303
605296117;-3691;-860;-7275
605296690;-3703;-836;-7251
605297264;-3703;-836;-7251
605297838;-3671;-813;-7234
605298415;-3671;-813;-7234
605299002;-3647;-788;-7216
605299576;-3647;-788;-7216
605300150;-3641;-774;-7189
605300724;-3656;-788;-7164
605301297;-3656;-788;-7164
605301871;-3696;-801;-7151
605302445;-3696;-801;-7151
605303018;-3691;-799;-7156
605303592;-3691;-799;-7156
605304166;-3695;-804;-7170
605304740;-3692;-814;-7197
605305313;-3692;-814;-7197
605305887;-3657;-815;-7234
605306461;-3657;-815;-7234
605307034;-3636;-821;-7269
605307608;-3636;-821;-7269
605308182;-3624;-849;-7299
605308756;-3647;-879;-7319
605309329;-3647;-879;-7319
605309903;-3655;-890;-7337
605310477;-3655;-890;-7337
605311051;-3661;-883;-7352
605311624;-3661;-883;-7352
605312198;-3647;-880;-7362
605312772;-3603;-877;-7371
605313345;-3603;-877;-7371
605313919;-3593;-866;-7365
605314493;-3593;-866;-7365
605315067;-3596;-863;-7345
605315640;-3596;-863;-7345
605316214;-3629;-869;-7319
605316788;-3667;-867;-7291
605317362;-3667;-867;-7291
605317935;-3701;-853;-7271
605318509;-3701;-853;-7271
605319083;-3690;-829;-7253
605319656;-3663;-808;-7221
605320230;-3663;-808;-7221
605320804;-3664;-786;-7191
605321378;-3664;-786;-7191
605321951;-3641;-775;-7175
605322525;-3641;-775;-7175
605323099;-3664;-790;-7157
605323676;-3690;-801;-7149
605324262;-3690;-801;-7149
605324836;-3695;-805;-7154
605325410;-3695;-805;-7154
605325983;-3711;-811;-7169
605326557;-3711;-811;-7169
605327131;-3678;-816;-7204
605327704;-3644;-816;-7243
605328278;-3644;-816;-7243
605328852;-3625;-830;-7277
605329426;-3625;-830;-7277
605329999;-3623;-862;-7304
605330573;-3623;-862;-7304
605331147;-3652;-888;-7322
605331721;-3659;-890;-7341
605332294;-3659;-890;-7341
605332868;-3661;-881;-7355
605333442;-3661;-881;-7355
605334015;-3632;-880;-7364
605334589;-3632;-880;-7364
605335163;-3597;-874;-7369
605335737;-3596;-863;-7359
605336310;-3596;-863;-7359
605336884;-3606;-865;-7335
605337458;-3606;-865;-7335
605338031;-3646;-872;-7303
605338605;-3646;-872;-7303
605339179;-3679;-867;-7274
605339753;-3706;-848;-7246
605340326;-3706;-848;-7246
605340900;-3693;-826;-7229
605341474;-3693;-826;-7229
605342048;-3655;-803;-7216
605342625;-3655;-803;-7216
605343222;-3645;-779;-7191
605343795;-3645;-782;-7164
605344369;-3645;-782;-7164
605344943;-3682;-800;-7145
605345517;-3682;-800;-7145
605346090;-3700;-805;-7142
605346664;-3699;-807;-7146
605347238;-3699;-807;-7146
605347811;-3698;-815;-7167
605348385;-3698;-815;-7167
605348962;-3669;-820;-7203
605349579;-3669;-820;-7203
605350152;-3646;-821;-7241
605350726;-3629;-840;-7275
605351300;-3629;-840;-7275
605351874;-3640;-871;-7301
605352451;-3640;-871;-7301
605353077;-3657;-889;-7322
605353668;-3664;-888;-7336
605354292;-3664;-888;-7336
605354865;-3661;-881;-7345
605355439;-3661;-881;-7345
605356013;-3621;-878;-7359
605356587;-3621;-878;-7359
605357160;-3598;-868;-7364
605357734;-3602;-860;-7350
605358308;-3602;-860;-7350
605358881;-3618;-864;-7324
605359455;-3618;-864;-7324
605360029;-3660;-868;-7294
605360603;-3660;-868;-7294
605361176;-3691;-859;-7266
605361750;-3705;-836;-7241
605362324;-3705;-836;-7241
605362898;-3682;-815;-7226
605363471;-3682;-815;-7226
605364045;-3654;-792;-7212
605364619;-3654;-792;-7212
605365192;-3649;-775;-7187
605365766;-3656;-785;-7160
605366340;-3656;-785;-7160
605366914;-3695;-801;-7142
605367487;-3695;-801;-7142
605368061;-3695;-803;-7147
605368635;-3695;-803;-7147
605369209;-3701;-807;-7159
605369782;-3703;-816;-7183
605370356;-3703;-816;-7183
605370930;-3666;-819;-7222
605371503;-3666;-819;-7222
605372077;-3643;-821;-7259
605372651;-3643;-821;-7259
605373225;-3627;-847;-7291
605373802;-3645;-880;-7313
605374401;-3645;-880;-7313
605374975;-3657;-893;-7331
605375549;-3657;-893;-7331
605376122;-3664;-888;-7341
605376696;-3658;-882;-7351
605377270;-3658;-882;-7351
605377843;-3614;-880;-7366
605378417;-3614;-880;-7366
605378991;-3600;-868;-7365
605379565;-3600;-868;-7365
605380138;-3605;-861;-7346
605380712;-3630;-867;-7321
605381286;-3630;-867;-7321
605381859;-3671;-870;-7294
605382433;-3671;-870;-7294
605383007;-3703;-858;-7269
605383581;-3703;-858;-7269
605384154;-3709;-835;-7253
605384728;-3679;-813;-7231
605385302;-3679;-813;-7231
605385876;-3662;-790;-7202
605386449;-3662;-790;-7202
605387023;-3653;-776;-7181
605387597;-3653;-776;-7181
605388170;-3668;-790;-7159
605388744;-3704;-804;-7148
605389318;-3704;-804;-7148
605389892;-3697;-803;-7153
605390465;-3697;-803;-7153
605391039;-3709;-808;-7164
605391613;-3709;-808;-7164
605392187;-3701;-818;-7192
605392760;-3663;-818;-7231
605393334;-3663;-818;-7231
605393908;-3646;-825;-7265
605394481;-3646;-825;-7265
605395055;-3636;-855;-7295
605395629;-3636;-855;-7295
605396203;-3659;-883;-7315
605396776;-3665;-893;-7334
605397350;-3665;-893;-7334
605397924;-3671;-885;-7348
605398501;-3671;-885;-7348
605399088;-3661;-882;-7355
605399662;-3619;-879;-7362
605400236;-3619;-879;-7362
605400810;-3607;-866;-7357
605401383;-3607;-866;-7357
605401957;-3612;-861;-7334
605402531;-3612;-861;-7334
605403104;-3645;-868;-7307
605403678;-3685;-867;-7283
605404252;-3685;-867;-7283
605404826;-3719;-853;-7271
605405399;-3719;-853;-7271
605405973;-3701;-831;-7255
605406547;-3701;-831;-7255
605407121;-3680;-812;-7222
605407694;-3692;-790;-7191
605408268;-3692;-790;-7191
605408842;-3662;-775;-7172
605409415;-3662;-775;-7172
605409989;-3675;-788;-7155
605410563;-3675;-788;-7155
605411137;-3702;-800;-7144
605411710;-3711;-804;-7148
605412284;-3711;-804;-7148
605412858;-3724;-809;-7164
605413432;-3724;-809;-7164
605414005;-3688;-816;-7202
605414579;-3688;-816;-7202
605415153;-3653;-819;-7240
605415726;-3635;-832;-7274
605416300;-3635;-832;-7274
605416874;-3632;-863;-7302
605417448;-3632;-863;-7302
605418021;-3659;-888;-7319
605418595;-3659;-888;-7319
605419169;-3664;-894;-7335
605419743;-3667;-885;-7347
605420316;-3667;-885;-7347
605420890;-3642;-883;-7358
605421464;-3642;-883;-7358
605422037;-3609;-878;-7364
605422611;-3609;-878;-7364
605423185;-3609;-866;-7354
605423762;-3617;-865;-7331
605424348;-3617;-865;-7331
605424922;-3653;-871;-7301
605425496;-3653;-871;-7301
605426069;-3685;-866;-7273
605426643;-3685;-866;-7273
605427217;-3714;-846;-7249
605427791;-3707;-826;-7234
605428364;-3707;-826;-7234
605428938;-3668;-804;-7222
605429512;-3668;-804;-7222
605430086;-3655;-781;-7199
605430659;-3651;-784;-7171
605431233;-3651;-784;-7171
605431807;-3684;-802;-7153
605432380;-3684;-802;-7153
605432954;-3700;-806;-7151
605433528;-3700;-806;-7151
605434102;-3703;-810;-7156
605434675;-3712;-818;-7173
605435249;-3712;-818;-7173
605435823;-3676;-820;-7211
605436396;-3676;-820;-7211
605436970;-3650;-821;-7250
605437544;-3650;-821;-7250
605438118;-3635;-839;-7284
605438691;-3638;-870;-7310
605439265;-3638;-870;-7310
605439839;-3659;-890;-7326
605440413;-3659;-890;-7326
605440986;-3664;-890;-7340
605441560;-3664;-890;-7340
605442134;-3663;-883;-7349
605442711;-3625;-881;-7362
605443308;-3625;-881;-7362
605443881;-3600;-873;-7367
605444455;-3600;-873;-7367
605445029;-3602;-864;-7352
605445603;-3602;-864;-7352
605446176;-3615;-865;-7327
605446750;-3657;-868;-7296
605447324;-3657;-868;-7296
605447897;-3689;-860;-7269
605448475;-3689;-860;-7269
605449091;-3705;-838;-7250
605449665;-3684;-817;-7231
605450239;-3684;-817;-7231
605450812;-3666;-798;-7206
605451386;-3666;-798;-7206
605451960;-3659;-777;-7184
605452534;-3659;-777;-7184
605453107;-3653;-781;-7163
605453681;-3690;-797;-7143
605454255;-3690;-797;-7143
605454832;-3688;-800;-7141
605455458;-3688;-800;-7141
605456049;-3706;-805;-7144
605456673;-3710;-816;-7169
605457247;-3710;-816;-7169
605457820;-3663;-819;-7214
605458394;-3663;-819;-7214
605458968;-3645;-821;-7248
605459542;-3645;-821;-7248
605460115;-3627;-845;-7280
605460689;-3639;-877;-7305
605461263;-3639;-877;-7305
605461837;-3655;-892;-7322
605462410;-3655;-892;-7322
605462984;-3663;-889;-7333
605463558;-3663;-889;-7333
605464131;-3658;-881;-7343
605464705;-3616;-880;-7360
605465279;-3616;-880;-7360
605465853;-3600;-870;-7362
605466426;-3600;-870;-7362
605467000;-3603;-863;-7345
605467574;-3603;-863;-7345
605468148;-3625;-868;-7320
605468721;-3666;-870;-7293
605469295;-3666;-870;-7293
605469869;-3699;-858;-7268
605470442;-3699;-858;-7268
605471016;-3708;-835;-7249
605471590;-3708;-835;-7249
605472164;-3679;-814;-7230
605472737;-3659;-791;-7208
605473311;-3659;-791;-7208
605473888;-3651;-777;-7186
605474487;-3651;-777;-7186
605475061;-3663;-789;-7163
605475635;-3663;-789;-7163
605476209;-3698;-801;-7148
605476782;-3691;-802;-7150
605477356;-3691;-802;-7150
605477930;-3705;-807;-7160
605478504;-3705;-807;-7160
605479077;-3697;-817;-7190
605479651;-3697;-817;-7190
605480225;-3658;-819;-7230
605480798;-3641;-826;-7265
605481372;-3641;-826;-7265
605481946;-3630;-854;-7296
605482520;-3630;-854;-7296
605483093;-3652;-882;-7316
605483667;-3658;-891;-7335
605484241;-3658;-891;-7335
605484814;-3665;-886;-7348
605485388;-3665;-886;-7348
605485962;-3652;-882;-7360
605486536;-3652;-882;-7360
605487109;-3609;-879;-7371
605487683;-3600;-867;-7365
605488257;-3600;-867;-7365
605488831;-3605;-864;-7343
605489404;-3605;-864;-7343
605489978;-3638;-870;-7315
605490552;-3638;-870;-7315
605491125;-3677;-868;-7287
605491699;-3712;-855;-7268
605492273;-3712;-855;-7268
605492847;-3702;-832;-7250
605493420;-3702;-832;-7250
605493994;-3676;-811;-7218
605494568;-3676;-811;-7218
605495142;-3678;-790;-7188
605495715;-3654;-777;-7171
605496289;-3654;-777;-7171
605496863;-3674;-791;-7151
605497436;-3674;-791;-7151
605498010;-3700;-802;-7144
Data end;;;
